"Date","Facebook","Pinterest","Twitter","StumbleUpon","YouTube","Instagram","Tumblr","reddit","VKontakte","LinkedIn","Google+","Digg","MySpace","Fark","NowPublic","iWiW","news.ycombinator.com","Delicious","orkut","Odnoklassniki","Vimeo","Other"
2009-04,20.16,0,6.86,36.79,0,0,0,8.98,0,0,0,6.7,14.81,0.22,0.04,0.29,0.08,0.49,1.75,0,0,2.83
2009-05,24.3,0,9.95,33.78,0,0,0,7.62,0,0.28,0,7.34,8.95,0.44,0.05,2.1,0.12,0.57,1.77,0,0,2.72
2009-06,26.48,0,10.56,29.65,0,0,0,12.13,0,0.49,0,5.9,7.66,0.66,0.05,2.35,0.11,0.58,1.46,0,0,1.93
2009-07,29.1,0,10.35,33.55,0,0,0,9.52,0,0.41,0,5.36,5.49,0.22,0.03,2.21,0.14,0.55,1.24,0,0,1.84
2009-08,34.25,0,11.15,29.01,0,0,0,9.37,0,0.45,0,4.56,4.69,0.4,0.08,2.27,0.08,0.52,1.27,0,0,1.9
2009-09,39.89,0,10.96,27.31,0.23,0,0,5.24,0,0.54,0,5.09,4.32,0.31,0.17,2.23,0.09,0.46,1.29,0,0,1.88
2009-10,36.6,0,8.75,25.73,10.79,0,0,5.38,0,0.4,0,3.53,3.46,0.28,0.22,1.93,0.09,0.35,0.98,0,0.04,1.47
2009-11,53.39,0,6.15,19.42,8.23,0,0,4.59,0,0.27,0,2.05,2.38,0.13,0.06,1.24,0.07,0.33,0.62,0,0.02,1.06
2009-12,74.39,0,3.36,10.55,5.06,0,0,2.51,0,0.14,0,1.46,0.62,0.21,0.03,0.65,0.03,0.23,0.33,0,0.02,0.39
2010-01,70.08,0,4.22,13.59,4.96,0,0,2.83,0,0.18,0,1.8,0.33,0.15,0.04,0.77,0.05,0.29,0.33,0,0.03,0.37
2010-02,60.61,0,6.29,17.52,5.71,0,0,3,0,0.26,0,2.26,0.69,0.22,1.18,0.95,0.11,0.32,0.35,0,0.03,0.5
2010-03,48.59,0,8.62,24.68,6.12,0,0,4.15,0,0.34,0,1.68,1.75,0.3,1.43,0.94,0.13,0.42,0.39,0,0.08,0.39
2010-04,55.35,0,7.13,21.62,4.3,0,0,3.41,0,0.27,0,1.46,3.16,0.28,0.82,0.58,0.11,0.35,0.32,0,0.04,0.8
2010-05,54.03,0,7.27,22.27,5.25,0,0,4,0,0.27,0,1.48,2.59,0.3,0.79,0.54,0.12,0.34,0.35,0,0.04,0.36
2010-06,62.48,0,5.54,17.12,4.99,0,0,2.85,0,0.21,0,2.19,2.38,0.23,0.56,0.4,0.11,0.23,0.23,0,0.24,0.25
2010-07,61.6,0,6.04,16.56,5.83,0,0,2.91,0,0.22,0,2.29,1.96,0.28,0.51,0.45,0.09,0.24,0.24,0,0.52,0.27
2010-08,63.28,0,6.03,16.22,6.36,0,0,2.94,0,0.23,0,1.93,0.96,0.23,0.44,0.46,0.06,0.23,0.25,0,0.13,0.25
2010-09,58.51,0,6.69,18.06,8.84,0,0,3.53,0,0.27,0,1.23,0.52,0.21,0.5,0.45,0.08,0.25,0.25,0,0.04,0.56
2010-10,57.97,0,6.59,19.24,8.83,0,0,3.22,0,0.24,0,1.04,0.5,0.28,0.45,0.4,0.06,0.23,0.2,0,0.05,0.69
2010-11,59.05,0,6.16,19.9,8.15,0,0,3.39,0,0.23,0,0.78,0.3,0.25,0.42,0.35,0.08,0.23,0.16,0,0.03,0.52
2010-12,60.88,0,6.23,18.7,8.37,0,0,3.18,0,0.22,0,0.54,0.14,0.21,0.44,0.17,0.09,0.19,0.14,0,0.03,0.48
2011-01,64.54,0,5.51,17.15,7.72,0,0,2.89,0,0.23,0,0.48,0.1,0.19,0.38,0.03,0.07,0.15,0.12,0,0.03,0.4
2011-02,62.23,0,5.93,19.54,7.59,0,0,2.64,0,0.25,0,0.48,0.08,0.24,0.29,0.02,0.07,0.14,0.1,0,0.03,0.36
2011-03,71.36,0,4.32,15.71,5.04,0,0,2.13,0,0.18,0,0.34,0.06,0.13,0.24,0.01,0.05,0.13,0.06,0,0.02,0.23
2011-04,77.19,0,2.78,13.73,3.83,0,0,1.23,0.14,0.13,0,0.31,0.03,0.09,0.15,0.07,0.04,0.07,0.04,0,0.01,0.16
2011-05,69.47,0,3.64,18.17,5.12,0,0,1.87,0.24,0.21,0,0.32,0.04,0.08,0.22,0.22,0.05,0.08,0.05,0,0.02,0.2
2011-06,66.95,0,3.99,19.57,5.72,0,0,2.06,0.21,0.28,0,0.4,0.06,0.1,0.2,0.04,0.07,0.08,0.06,0.01,0.02,0.19
2011-07,62.29,0,4.03,23.52,5.9,0,0,2.33,0.2,0.32,0.28,0.26,0.03,0.19,0.19,0.04,0.06,0.08,0.08,0.01,0.02,0.17
2011-08,60.36,0,3.2,27.09,5.48,0,0,2.16,0.18,0.27,0.18,0.34,0.03,0.1,0.2,0.02,0.06,0.08,0.09,0.02,0.02,0.13
2011-09,60.61,0,5.02,25.34,4.85,0,0,2.7,0.15,0.24,0.11,0.23,0.06,0.12,0.24,0.01,0.04,0.07,0.05,0.01,0.02,0.13
2011-10,60.01,0,4.98,26.07,4.65,0,0,2.88,0.18,0.25,0.07,0.27,0.05,0.12,0.16,0.01,0.07,0.04,0.03,0.02,0.02,0.11
2011-11,62.79,0,5.38,24.71,3.35,0,0,2.44,0.21,0.21,0.08,0.28,0.03,0.08,0.14,0.01,0.05,0.05,0.03,0.02,0.03,0.12
2011-12,67.39,0,5.42,18.26,4.57,0,0,2.91,0.29,0.22,0.01,0.26,0.02,0.09,0.21,0.01,0.08,0.04,0.03,0.05,0.03,0.11
2012-01,70.21,0,6.04,14.72,4.4,0,0,3.23,0.26,0.3,0,0.24,0.02,0.12,0.13,0.02,0.06,0.05,0.03,0.03,0.03,0.12
2012-02,69.58,0,6.04,13.91,5.39,0,0,3.6,0.26,0.37,0,0.19,0.01,0.12,0.14,0.06,0.08,0.04,0.03,0.03,0.02,0.12
2012-03,67.43,2.56,5.33,9.42,10.97,0,0,2.84,0.26,0.34,0.01,0.23,0.02,0.09,0.12,0.02,0.06,0.03,0.03,0.04,0.03,0.18
2012-04,68.25,4.54,5.65,8.87,8.94,0,0,2.2,0.39,0.33,0,0.22,0.01,0.07,0.16,0.01,0.06,0.03,0.03,0.04,0.03,0.16
2012-05,66.81,4.74,6.03,8.37,9.2,0,0,3.13,0.59,0.34,0,0.16,0.01,0.08,0.19,0.01,0.05,0.03,0.02,0.06,0.02,0.15
2012-06,63.45,6.33,6.64,7.91,11.04,0,0,3.03,0.46,0.33,0,0.11,0.01,0.11,0.21,0.01,0.07,0.03,0.02,0.06,0.03,0.14
2012-07,63.12,7.91,7.25,8.31,8.81,0,0,3.09,0.34,0.3,0,0.18,0.01,0.11,0.25,0,0.07,0.03,0.02,0.05,0.05,0.1
2012-08,63.46,9.49,6.78,7.87,7.94,0,0,3.12,0.4,0.28,0,0.04,0.01,0.09,0.22,0.01,0.09,0.03,0.02,0.03,0.03,0.09
2012-09,60.72,12.43,6.62,7.46,7.61,0,0,3.86,0.34,0.31,0,0.04,0.01,0.11,0.25,0,0.05,0.03,0.02,0.03,0.03,0.09
2012-10,60.27,13.3,7.31,6.98,6.99,0,0,3.97,0.29,0.27,0,0.05,0.01,0.11,0.18,0.01,0.06,0.03,0.01,0.03,0.04,0.08
2012-11,63.43,13.48,7.17,6.13,4.96,0,0,3.69,0.27,0.26,0,0.04,0.02,0.14,0.15,0.01,0.07,0.03,0.01,0.03,0.05,0.07
2012-12,66.24,12.36,8.02,5.82,3.54,0,0,3.01,0.31,0.22,0,0.03,0.01,0.09,0.12,0,0.07,0.02,0.01,0.04,0.02,0.07
2013-01,63.64,14.54,8.83,5.49,3.62,0,0,2.85,0.3,0.24,0,0.03,0.01,0.1,0.12,0,0.07,0.01,0.01,0.05,0.02,0.07
2013-02,63.3,14.71,9.35,4.94,3.59,0,0,2.73,0.5,0.24,0.22,0.02,0.01,0.07,0.1,0,0.06,0,0.01,0.1,0.02,0.06
2013-03,63.08,13.95,10.25,4.52,4.2,0,0,2.8,0.29,0.22,0.27,0.02,0.01,0.08,0.09,0,0.02,0,0.01,0.13,0.02,0.05
2013-04,66.73,11.6,9.84,4.99,2.86,0,0,2.82,0.24,0.22,0.29,0.05,0.01,0.11,0.09,0,0,0.01,0.01,0.08,0.03,0.04
2013-05,67.03,10.26,10.07,4.94,3.3,0,0,3.27,0.21,0.22,0.24,0.02,0.01,0.1,0.1,0,0,0,0.01,0.15,0.02,0.04
2013-06,68.92,10.03,9.47,4.19,3.52,0,0,2.78,0.25,0.19,0.24,0.03,0,0.09,0.14,0,0,0,0.01,0.08,0.02,0.04
2013-07,67.56,11.13,10.3,4.34,3.07,0,0,2.54,0.2,0.21,0.25,0.04,0,0.08,0.16,0,0,0,0.01,0.05,0.02,0.03
2013-08,66.58,10.64,11.87,4.38,2.99,0,0,2.55,0.19,0.23,0.24,0.07,0,0.08,0.06,0,0,0.01,0.01,0.04,0.02,0.03
2013-09,66.39,10.45,12.47,3.84,3.31,0,0,2.68,0.17,0.19,0.23,0.03,0,0.07,0.05,0,0,0.01,0.01,0.05,0.02,0.03
2013-10,67.79,9.29,11.49,3.74,2.38,0,1.38,2.26,0.88,0.17,0.23,0.05,0,0.07,0.07,0,0,0.02,0,0.13,0.03,0.02
2013-11,68.86,8.2,6.83,3.12,1.82,0,8.52,1.58,0.49,0.11,0.19,0.03,0,0.07,0,0,0,0,0,0.14,0.02,0.02
2013-12,64.64,9.56,7.31,3.19,2.09,0,10.25,1.78,0.53,0.13,0.2,0.04,0,0.06,0,0.01,0,0,0,0.17,0.02,0.02
2014-01,65.34,10.86,6.58,2.88,1.93,0,9.49,1.91,0.4,0.14,0.21,0.04,0,0.04,0,0,0,0.01,0,0.14,0.02,0.02
2014-02,66.19,10.61,6.58,2.7,1.89,0,8.78,2.43,0.27,0.13,0.21,0.03,0,0.04,0,0,0,0.01,0,0.11,0.02,0.02
2014-03,65.58,10.92,7.17,2.48,1.54,0,9.55,1.94,0.25,0.12,0.22,0.04,0,0.05,0,0,0,0,0,0.1,0.02,0.02
2014-04,65.81,11.07,7.33,2.6,1.36,0,9.37,1.69,0.25,0.13,0.22,0.03,0,0.04,0,0,0,0.01,0,0.06,0.02,0.02
2014-05,69.66,9.85,6.68,2.5,1.26,0,7.65,1.77,0.2,0.09,0.21,0.03,0,0.03,0,0,0,0,0,0.05,0.02,0.01
2014-06,71.47,9.05,7.56,2.08,1.24,0,6.47,1.59,0.14,0.04,0.21,0.02,0,0.03,0,0,0,0.02,0,0.03,0.02,0.01
2014-07,72.84,9.58,8,1.8,1.17,0,4.35,1.66,0.16,0.07,0.23,0.02,0,0.04,0,0,0.02,0,0,0.03,0.02,0.01
2014-08,74.18,9.45,8.21,1.83,0.56,0,3.12,2.05,0.16,0.07,0.24,0.02,0,0.03,0,0,0.01,0.01,0,0.03,0.02,0.01
2014-09,77.05,8.45,6.85,1.36,0.62,0,2.48,2.69,0.13,0.07,0.2,0.01,0,0.02,0,0,0.02,0,0,0.02,0.01,0.01
2014-10,79.95,8.07,6.19,1.07,0.69,0,2.21,1.35,0.13,0.07,0.18,0.02,0,0.02,0,0,0.01,0,0,0.02,0.01,0.01
2014-11,79.97,8.2,6.12,1.03,0.96,0,2.01,1.26,0.12,0.06,0.19,0.01,0,0.01,0,0,0.01,0,0,0.03,0.01,0.01
2014-12,81.04,8.28,5.61,1,0.22,0,2.07,1.29,0.16,0.05,0.22,0.01,0,0.01,0,0,0.01,0,0,0.01,0.01,0.01
2015-01,79.55,8.68,6.54,1.14,0.15,0,2.11,1.24,0.21,0.05,0.26,0.02,0,0.02,0,0,0.02,0,0,0,0.01,0
2015-02,79.95,7.45,6.91,1.35,0.09,0,2.17,1.43,0.15,0.09,0.33,0.02,0,0.03,0,0,0.02,0,0,0,0.01,0
2015-03,82.25,6.48,5.83,0.89,0.08,0,2.48,1.46,0.12,0.04,0.34,0.01,0,0.02,0,0,0.01,0,0,0,0,0
2015-04,84.32,5.53,6.01,0.87,0.06,0,1.72,1.03,0.12,0.04,0.25,0.01,0,0.02,0,0,0.02,0,0,0,0,0
2015-05,86.05,5.25,4.87,0.73,0.06,0,1.61,1.05,0.08,0.04,0.23,0.01,0,0.01,0,0,0.02,0,0,0,0,0
2015-06,86.26,5.41,4.57,0.75,0.07,0,1.63,0.94,0.07,0.04,0.23,0.01,0,0.02,0,0,0.01,0,0,0,0,0
2015-07,85.86,5.73,4.42,0.72,0.09,0,1.7,1.07,0.09,0.04,0.23,0.01,0,0.01,0,0,0.02,0,0,0,0,0
2015-08,84.22,6.44,4.9,0.79,0.14,0,1.84,1.14,0.11,0.07,0.32,0.01,0,0.01,0,0,0.01,0,0,0,0,0
2015-09,84.13,6.38,4.79,0.81,0.14,0,1.81,1.35,0.12,0.09,0.35,0.01,0,0.01,0,0,0.01,0,0,0,0,0.01
2015-10,83,7.15,4.9,0.75,0.12,0,2.14,1.35,0.12,0.09,0.32,0.01,0.01,0.01,0,0,0.01,0,0,0,0,0.02
2015-11,82.61,7.47,4.97,0.69,0.17,0,2.25,1.33,0.13,0.06,0.3,0,0,0.01,0,0,0.01,0,0,0,0,0.01
2015-12,82.95,7.44,5.12,0.66,0.23,0,1.83,1.22,0.15,0.06,0.31,0.01,0,0.01,0,0,0.02,0,0,0,0,0.01
2016-01,85.24,6.75,4.21,0.57,0.26,0,1.54,0.91,0.14,0.07,0.28,0.01,0,0.01,0,0,0.01,0,0,0,0,0
2016-02,85.04,6.6,4.8,0.55,0.19,0,1.48,0.85,0.16,0.1,0.2,0,0,0.02,0,0,0.01,0,0,0,0,0
2016-03,86.82,4.64,4.73,0.54,0.22,0,1.63,0.92,0.16,0.13,0.17,0.01,0,0.03,0,0,0.01,0,0,0,0,0
2016-04,87.12,4.13,4.93,0.46,0.27,0,1.61,0.96,0.15,0.12,0.18,0.01,0,0.02,0,0,0.02,0,0,0,0,0
2016-05,86.1,6.03,4.39,0.45,0.19,0,1.56,0.83,0.13,0.1,0.17,0,0,0.02,0,0,0.01,0,0,0,0,0
2016-06,87.04,5.56,4.17,0.38,0.2,0,1.51,0.74,0.1,0.11,0.14,0,0,0.03,0,0,0.01,0,0,0,0,0
2016-07,85.8,6.23,4.58,0.46,0.16,0,1.6,0.66,0.1,0.21,0.12,0.01,0,0.06,0,0,0.01,0,0,0,0,0
2016-08,85.23,6.53,4.76,0.42,0.21,0,1.57,0.61,0.33,0.13,0.12,0.01,0,0.07,0,0,0.01,0,0,0,0,0
2016-09,85.89,6.8,4.23,0.39,0.14,0,1.4,0.62,0.21,0.13,0.13,0.01,0,0.05,0,0,0.01,0,0,0,0,0
2016-10,86.9,6.42,3.2,0.3,0.59,0.07,1.1,0.52,0.61,0.1,0.09,0,0,0.07,0,0,0.01,0,0,0,0,0
2016-11,86.54,6.45,3.48,0.32,0.49,0.38,1.09,0.48,0.44,0.16,0.09,0,0,0.06,0,0,0.01,0,0,0,0,0
2016-12,85.98,7.23,3.64,0.32,0.15,0.51,1.25,0.44,0.14,0.19,0.09,0,0,0.04,0,0,0.01,0,0,0,0,0
2017-01,85.9,7.37,3.63,0.29,0.14,0.48,1.28,0.47,0.14,0.14,0.11,0,0,0.03,0,0,0.01,0,0,0,0,0.01
2017-02,86.47,7.11,3.46,0.27,0.11,0.43,1.27,0.41,0.11,0.11,0.18,0,0,0.03,0,0,0.01,0,0,0,0.01,0.01
2017-03,87.15,6.53,3.65,0.25,0.09,0.46,0.97,0.41,0.13,0.12,0.18,0,0,0.04,0,0,0.01,0,0,0,0,0.01
2017-04,86.02,7.07,4.08,0.26,0.26,0.5,0.92,0.44,0.14,0.11,0.13,0,0,0.04,0,0,0.01,0,0,0,0,0.01
2017-05,87.83,4.82,4.22,0.24,0.99,0.37,0.64,0.42,0.13,0.11,0.16,0,0,0.04,0,0,0.01,0,0,0,0,0.01
2017-06,85.87,5.88,4.44,0.21,1.65,0.49,0.66,0.35,0.1,0.14,0.14,0,0,0.03,0,0,0.01,0,0,0,0,0.01
2017-07,82.39,7.25,5.37,0.26,2.2,0.89,0.81,0.38,0.15,0.13,0.09,0.01,0,0.04,0,0,0.01,0,0,0,0,0.02
2017-08,81.8,7.55,5.2,0.27,2.62,0.89,0.66,0.52,0.16,0.14,0.11,0,0,0.04,0,0,0.01,0,0,0,0,0.02
2017-09,80.31,8.39,6.01,0.29,1.82,1.07,0.7,0.83,0.17,0.18,0.16,0,0,0.02,0,0,0.01,0,0,0,0,0.01
2017-10,79.68,9.11,5.75,0.28,1.85,1.08,0.69,0.97,0.19,0.21,0.15,0,0,0.01,0,0,0.02,0,0,0,0,0.01
2017-11,75.54,10.22,6.36,0.31,3.73,1.59,0.71,0.84,0.23,0.29,0.13,0,0,0.01,0,0,0.01,0,0,0,0,0.03
2017-12,75.54,10.05,5.74,0.23,4.78,1.47,0.63,0.74,0.44,0.18,0.13,0,0,0.01,0,0,0.01,0,0,0,0,0.04
2018-01,75.45,10.31,5.51,0.25,4.91,1.7,0.64,0.53,0.34,0.14,0.12,0,0,0.03,0,0,0.01,0,0,0,0,0.05
2018-02,75.6,9.98,5.46,0.25,5.06,1.84,0.67,0.48,0.22,0.17,0.22,0,0,0.02,0,0,0.01,0,0,0,0,0.02
2018-03,69.72,12.38,6.09,0.31,7,2.23,0.89,0.6,0.19,0.25,0.3,0,0,0.02,0,0,0.02,0,0,0,0,0.02
2018-04,65.73,15.06,6.81,0.3,7.9,1.64,0.93,0.67,0.3,0.25,0.36,0,0,0.02,0,0,0.01,0,0,0,0,0.01
2018-05,66.92,13.97,6.78,0.27,7.89,1.8,0.85,0.47,0.43,0.24,0.33,0,0,0.02,0,0,0.02,0,0,0,0,0.01
2018-06,63.03,14.23,8.29,0.24,9.66,2.16,0.91,0.46,0.29,0.27,0.33,0,0,0.02,0,0,0.01,0,0,0,0,0.09
2018-07,63.71,14.88,8.07,0.14,8.62,2.41,0.83,0.36,0.32,0.3,0.26,0,0,0.02,0,0,0.01,0,0,0,0,0.05
2018-08,65.15,13.49,8.49,0.01,8.58,2.37,0.79,0.38,0.18,0.27,0.25,0,0,0.02,0,0,0.02,0,0,0,0,0.01
2018-09,66.25,12.84,8.8,0,7.97,1.94,0.95,0.36,0.21,0.25,0.4,0,0,0.01,0,0,0.01,0,0,0,0.01,0.01
2018-10,66.81,12.99,8.57,0.01,7.45,1.88,1.07,0.36,0.27,0.19,0.35,0,0,0.02,0,0,0.01,0,0,0,0,0.01
2018-11,69.33,13.05,7.08,0.02,6.14,1.94,1.07,0.52,0.2,0.2,0.41,0,0,0.01,0,0,0.01,0,0,0,0,0.02
2018-12,66.33,16.25,8.24,0.01,4.77,1.77,0.96,0.77,0.22,0.24,0.38,0,0,0.02,0,0,0.01,0,0,0,0,0.02
2019-01,65.88,16.36,9.1,0.01,3.97,1.69,0.72,1.42,0.28,0.23,0.31,0,0,0.01,0,0,0.01,0,0,0,0,0.02
2019-02,68.95,15.15,7.41,0.01,3.76,1.56,0.66,1.71,0.22,0.25,0.26,0,0,0.02,0,0,0.03,0,0,0,0,0.01
2019-03,67.46,16.96,7.26,0.01,3.92,2.21,0.61,0.83,0.3,0.16,0.24,0,0,0.02,0,0,0.01,0,0,0,0,0
2019-04,68.36,16.26,6.72,0.01,4.59,2.21,0.62,0.62,0.34,0.18,0.02,0,0,0.02,0,0,0.03,0,0,0,0.01,0
2019-05,70.42,13.01,6.25,0,4.33,1.81,0.57,3.08,0.31,0.17,0,0,0,0.02,0,0,0.01,0,0,0,0,0
2019-06,73.91,13.16,6.18,0,3.81,1.43,0.57,0.23,0.5,0.15,0.01,0,0,0.02,0,0,0.01,0,0,0,0.01,0
2019-07,72.16,14.46,6.06,0,3.86,1.75,0.6,0.25,0.66,0.16,0,0,0,0.01,0,0,0.01,0,0,0,0,0
2019-08,71.75,15.5,6.07,0,3.65,1.58,0.6,0.3,0.36,0.15,0,0,0,0.02,0,0,0.01,0,0,0,0,0
2019-09,72.94,13.18,6.56,0,3.67,2.42,0.5,0.23,0.28,0.18,0.01,0,0,0.01,0,0,0.02,0,0,0,0,0
2019-10,67.73,11.08,10.57,0,3.71,5.74,0.45,0.27,0.24,0.16,0.01,0,0,0.01,0,0,0.02,0,0,0,0.01,0
2019-11,66.01,11.63,11.49,0,3.28,6.5,0.41,0.25,0.22,0.14,0.03,0,0,0.01,0,0,0.01,0,0,0,0,0
2019-12,64.22,10.97,12.96,0,3.79,7.05,0.37,0.27,0.2,0.1,0.03,0,0,0.01,0,0,0.01,0,0,0,0,0
2020-01,61.3,11.45,14.51,0,3.33,8.4,0.39,0.29,0.15,0.12,0.02,0,0,0.01,0,0,0.01,0,0,0,0.01,0
2020-02,62.11,10.7,14.44,0,2.91,8.9,0.37,0.27,0.15,0.12,0,0,0,0.01,0,0,0.01,0,0,0,0,0
2020-03,64.99,8.31,14.29,0,3.1,8.54,0.28,0.23,0.12,0.12,0,0,0,0.01,0,0,0.01,0,0,0,0,0
2020-04,60.15,10.46,15.48,0,4.2,8.73,0.36,0.35,0.12,0.12,0,0,0,0.01,0,0,0.01,0,0,0,0.01,0
2020-05,72.02,13.49,6.2,0,5.58,1.48,0.5,0.39,0.14,0.16,0,0,0,0.02,0,0,0.02,0,0,0,0,0
2020-06,74,12.11,6.5,0,4.99,1.2,0.53,0.37,0.1,0.18,0,0,0,0.01,0,0,0.01,0,0,0,0,0
2020-07,74.17,11.68,6.78,0,4.86,1.35,0.44,0.37,0.1,0.2,0,0,0,0.01,0,0,0.02,0,0,0,0,0
2020-08,75.15,11.51,6.41,0,3.62,1.42,0.45,0.31,0.87,0.23,0,0,0,0.01,0,0,0.01,0,0,0,0,0
2020-09,74.59,11.58,6.88,0,3.99,1.58,0.54,0.34,0.23,0.23,0,0,0,0.01,0,0,0.02,0,0,0,0,0
2020-10,71.85,12.31,8.65,0,4.47,1.53,0.43,0.36,0.13,0.25,0,0,0,0.01,0,0,0.02,0,0,0,0,0
2020-11,68.72,12.11,11.68,0,4.22,2.01,0.41,0.38,0.13,0.3,0,0,0,0.02,0,0,0.02,0,0,0,0,0
2020-12,68.39,13.61,10.25,0,4.27,2.25,0.33,0.44,0.11,0.29,0,0,0,0.02,0,0,0.03,0,0,0,0,0
2021-01,69.8,11.88,9.54,0,4.9,2.56,0.36,0.53,0.11,0.29,0,0,0,0.01,0,0,0.01,0,0,0,0,0.01
2021-02,71.92,9.94,8.65,0,5.06,2.93,0.36,0.57,0.12,0.39,0,0,0,0.02,0,0,0.03,0,0,0,0,0.01
2021-03,72.03,9.63,8.81,0.01,5.28,2.94,0.3,0.5,0.13,0.33,0,0,0,0.02,0,0,0.02,0,0,0,0,0.01
2021-04,69.94,8.92,9.58,0,5.97,3.71,0.48,0.74,0.2,0.39,0,0,0,0.02,0,0,0.04,0,0,0,0,0.01
2021-05,71.51,8.11,8.49,0.01,6.18,3.98,0.56,0.59,0.14,0.33,0,0,0,0.02,0,0,0.03,0,0,0,0,0.03
2021-06,71.53,7.31,10.01,0,5.01,4.28,0.89,0.51,0.11,0.3,0,0,0,0.03,0,0,0.01,0,0,0,0,0.01
2021-07,74.81,6.33,8.84,0.01,4.25,3.72,0.99,0.58,0.12,0.28,0,0,0,0.02,0,0,0.03,0,0,0,0.01,0.01
2021-08,73.27,7.22,8.91,0.01,4.72,3.41,1.4,0.58,0.14,0.28,0,0,0,0.04,0,0,0.01,0,0,0,0,0.01
2021-09,72.19,8.15,8.7,0.01,4.69,3.99,1.01,0.66,0.16,0.36,0,0,0,0.03,0,0,0.02,0,0,0,0.03,0.01
2021-10,72.22,8.37,8.77,0.01,4.2,4.3,0.73,0.82,0.16,0.34,0,0,0,0.03,0,0,0.02,0,0,0,0.03,0.01
2021-11,74.13,7.65,7.73,0.01,3.88,4.5,0.46,1.06,0.15,0.33,0,0,0,0.03,0,0,0.05,0,0,0,0.02,0
2021-12,76.47,6.47,7.45,0.01,3.87,4.06,0.43,0.71,0.14,0.32,0,0,0,0.02,0,0,0.01,0,0,0,0.02,0.01
2022-01,76.95,5.76,7.1,0.01,3.89,4.59,0.38,0.72,0.11,0.41,0,0,0,0.02,0,0,0.03,0,0,0,0.02,0.01
2022-02,73.12,6.16,7.44,0,6.35,5.28,0.28,0.79,0.11,0.37,0,0,0,0.04,0,0,0.03,0,0,0,0.03,0
2022-03,73.44,6.06,7.22,0,5.53,6.19,0.28,0.73,0.13,0.36,0,0,0,0.02,0,0,0.01,0,0,0,0.02,0
2022-04,75.1,5.97,7.13,0.01,4.7,5.69,0.26,0.63,0.14,0.3,0,0,0,0.01,0,0,0.04,0,0,0,0.01,0.01
2022-05,75.49,5.9,7.52,0,4.41,5.31,0.22,0.77,0.11,0.2,0,0,0,0.03,0,0,0.03,0,0,0,0,0.01
2022-06,75.27,5.38,7.5,0.01,4.37,6.11,0.21,0.77,0.11,0.2,0,0,0,0.02,0,0,0.03,0,0,0,0,0.01
2022-07,75.86,4.75,7.89,0.01,3.65,6.53,0.22,0.74,0.1,0.21,0,0,0,0.02,0,0,0.02,0,0,0,0,0.01
2022-08,74.65,5.06,8.22,0.01,3.59,7.01,0.18,0.82,0.1,0.3,0,0,0,0.03,0,0,0.02,0,0,0,0.01,0.01
2022-09,71.64,6.52,9.02,0.01,3.83,7.51,0.17,0.8,0.1,0.33,0,0,0,0.02,0,0,0.02,0,0,0,0.01,0.01
2022-10,68.87,7.33,10.37,0.01,3.92,8.18,0.23,0.58,0.11,0.34,0,0,0,0.02,0,0,0.03,0,0,0,0.01,0.01
2022-11,67.13,7.44,10.38,0.01,3.38,9.65,0.42,1.02,0.11,0.35,0,0,0,0.03,0,0,0.05,0,0,0,0.01,0.01
2022-12,67.67,6.59,10.35,0.01,3.32,10.57,0.26,0.77,0.1,0.3,0,0,0,0.02,0,0,0.02,0,0,0,0.01,0.01
2023-01,66.9,6.05,12.36,0.01,3.61,9.62,0.24,0.52,0.1,0.53,0,0,0,0.01,0,0,0.02,0,0,0,0.01,0.01
2023-02,69.33,5.76,10.46,0.01,3.57,9.74,0.21,0.42,0.09,0.33,0,0,0,0.02,0,0,0.03,0,0,0,0.01,0.01
2023-03,67.41,6.09,10.35,0.02,3.89,11.04,0.2,0.45,0.09,0.4,0,0,0,0.02,0,0,0.02,0,0,0,0.01,0.01
2023-04,66.31,5.54,11.49,0.01,3.49,11.94,0.23,0.46,0.1,0.36,0,0,0,0.02,0,0,0.02,0,0,0,0,0.01
2023-05,65.7,5.24,11.44,0.01,3.74,12.63,0.27,0.45,0.1,0.4,0,0,0,0.02,0,0,0.01,0,0,0,0,0.01
2023-06,63.94,4.78,12.1,0.01,3.98,13.93,0.23,0.46,0.08,0.43,0,0,0,0.02,0,0,0.02,0,0,0,0,0.01
2023-07,65.78,5.96,8.85,0,3.78,14.32,0.2,0.58,0.09,0.4,0,0,0.01,0.01,0,0,0,0,0,0,0,0.01
2023-08,66.91,6.35,8.38,0,3.96,13.05,0.2,0.62,0.08,0.4,0,0,0,0.02,0,0,0,0,0,0,0,0
2023-09,65.24,7.28,8.75,0,4,13.31,0.2,0.52,0.22,0.44,0,0,0,0.02,0,0,0,0,0,0,0,0.01
2023-10,65.15,8.47,8.75,0.01,4.43,12.05,0.21,0.37,0.07,0.48,0,0,0,0.02,0,0,0,0,0,0,0,0
2023-11,63.56,10.02,8.49,0,5.02,11.38,0.24,0.64,0.08,0.54,0,0,0,0.02,0,0,0,0,0,0,0,0
2023-12,64.79,9.97,7.75,0,5.88,10.03,0.22,0.7,0.07,0.55,0,0,0,0.03,0,0,0.01,0,0,0,0,0
